,review,item,sale_info,complaints
0,"Звертаюся до Розетки чи до представника бренду!
В комплекті була інструкція до іншої коси, 2-х тактної, де мені взяти інструкцію до цього товару???
",Коса 2-тактна,None,Нема інструкції до цього товару
1,"Купила собі цей чудо робот-пилосос. Задоволена на всі 100%.Свою роботу він робить відмінно. Рекомендую хто ще думає...
",Робот-пилосос,None,None
2,"Одноразовий. Дитя папу раз його торкнувся і все пісні до кінця не грають та і нема там заявленої кількості пісень (рахувала)
",Плеєр,None,"Кількість пісень не відповідає зазначеній, пісні догравати не хочуть після першого торкання дитиною"
3,"Дешеві пігулки. Якщо ніякого ефекту не буде - не шкода грошей. Прийшло все закрите і запаяне плівкою. До того ж сама кришка з пломбою.
",Дешеві пігулки,None,"Товар прийшов запаяний плівкою та з пломбою на кришці, що ускладнює його відкриття"
4,"Отримала сьогодні тискомір не той що замовила?!Коли передзвонила ,то мене ще звинуватили ,що не вмію з ним працювати.Люди не купляйтесь на таких продавців ,що обманюють людей?!
",Тискомір,None,"Клієнтка отримала не те товари, що замовила. Продавці звинуватили клієнтку, що вона не вміє користуватися товаром. Клієнтка зазначила, що продавці обманюють покупців."
5,"Проблема тонкої обкладинки вирішується цупкою обгорткою або можна накласти ще одну, вже підписану з іншого зошита.
",Обгортка для зошита,None,Проблема з тонкою обкладинкою
6,"Почав встановлювати, а мийка вигнута дугою. По краях лежить ідеально на столешні, а посередині щілина майже в півсантиметри. Як так???
",Мійка,None,Мійка вигнута дугою та має щілину в середині
7,"Порадив придбати лікар-ортодонт для ополіскування ротової порожнини після чищення зубів (встановлені брекети). Ополіскувач видаляє бактерії, з якими не впоралася зубна паста. Результатом задоволена і я і лікар-ортодонт. Все супер
",Лікар-ортодонт для ополіскування ротової порожнини після чищення зубів (встановлені брекети),None,None
8,"Ручка обламалась на першій свічці.
виймаєш вороток, а головка залишається в свічці яку не викрутити бо ручка обломана
",Свічка,None,"Ручка обламалась на першій свічці, виймаєш вороток, а головка залишається в свічці, яку не викрутити бо ручка обломана"
9,"У мене автомобіль КІА з салону стояв акумулятор виробництва Solite і він пропрацював рівно десять років. Кращої реклами неможливо придумати.
",Акумулятор Solite для автомобіля КІА,None,None
10,"Звертаюся до Розетки чи до представника бренду!
В комплекті була інструкція до іншої коси, 2-х тактної, де мені взяти інструкцію до цього товару???
",Коса 2-тактна,None,Нема інструкції до цього товару
11,"Купила собі цей чудо робот-пилосос. Задоволена на всі 100%.Свою роботу він робить відмінно. Рекомендую хто ще думає...
",Робот-пилосос,None,None
12,"Одноразовий. Дитя папу раз його торкнувся і все пісні до кінця не грають та і нема там заявленої кількості пісень (рахувала)
",Плеєр,None,"Кількість пісень не відповідає зазначеній, пісні догравати не хочуть після першого торкання дитиною"
13,"Дешеві пігулки. Якщо ніякого ефекту не буде - не шкода грошей. Прийшло все закрите і запаяне плівкою. До того ж сама кришка з пломбою.
",Дешеві пігулки,None,"Товар прийшов запаяний плівкою та з пломбою на кришці, що ускладнює його відкриття"
14,"Отримала сьогодні тискомір не той що замовила?!Коли передзвонила ,то мене ще звинуватили ,що не вмію з ним працювати.Люди не купляйтесь на таких продавців ,що обманюють людей?!
",Тискомір,None,"Клієнтка отримала не те товари, що замовила. Продавці звинуватили клієнтку, що вона не вміє користуватися товаром. Клієнтка зазначила, що продавці обманюють покупців."
15,"Проблема тонкої обкладинки вирішується цупкою обгорткою або можна накласти ще одну, вже підписану з іншого зошита.
",Обгортка для зошита,None,Проблема з тонкою обкладинкою
16,"Почав встановлювати, а мийка вигнута дугою. По краях лежить ідеально на столешні, а посередині щілина майже в півсантиметри. Як так???
",Мійка,None,Мійка вигнута дугою та має щілину в середині
17,"Порадив придбати лікар-ортодонт для ополіскування ротової порожнини після чищення зубів (встановлені брекети). Ополіскувач видаляє бактерії, з якими не впоралася зубна паста. Результатом задоволена і я і лікар-ортодонт. Все супер
",Лікар-ортодонт для ополіскування ротової порожнини після чищення зубів (встановлені брекети),None,None
18,"Ручка обламалась на першій свічці.
виймаєш вороток, а головка залишається в свічці яку не викрутити бо ручка обломана
",Свічка,None,"Ручка обламалась на першій свічці, виймаєш вороток, а головка залишається в свічці, яку не викрутити бо ручка обломана"
19,"У мене автомобіль КІА з салону стояв акумулятор виробництва Solite і він пропрацював рівно десять років. Кращої реклами неможливо придумати.
",Акумулятор Solite для автомобіля КІА,None,None
20,"Гарна подарункова коробка) Люблю трав'яніий збір, тож мені є чим смакувати. А решта... квіточки, шипшина, плоди.... шось не дуже.
Але чашка наче не фарбується, тож думаю, натуральні барвники
",Подарункова коробка,None,"Квіточки, шипшина, плоди не дуже сподобались, можливо через ненатуральні барвники"
21,Молочко просто замечательное. на розетке пожалуй самая низкая цела. у нас по аптекам на 35% дороже.,Молочко,Знижка 35% (у порівнянні з аптеками),None
22,"Ми з цього пюре розпочали прикорм, дуже гарний склад, консистенція, і якість. Синочок був в захваті.
",Пюре,None,None
23,"Недостатньо інформації про контрольний розчин. Якщо його перевірити на апараті і він показує якусь цифру, то з якою цифрою цей показник порівнювати? Хочеться побачити відповідь.
",Контрольний розчин,None,Недостатньо інформації про критерії перевірки контрольного розчину
24,"Мені зовсім не сподобались. Дуже гнуться і тому ними не зручно працювати. В продажі по 4 пачки, що з ними тепер робити? Не рекомендую. ",Пачки,По 4 пачки в продажі,"Незручність у використанні, погана якість"
25,"Купив дані розетки на всю квартиру, і через місяць пластик що всередині пожовтів, тепер рамка відрізняється за кольором
",Розетки на всю квартиру,None,Колір пластику на розетках пожовтілий
26,"Завжди купую Lovare. Чай дуже смачний, давно хотіла таку чашку. Низька ціна за набір, що радує. Рекомендую.
",Lovare чай,Низька ціна за набір,None
27,"Не синхронізуються. Всі методи які існують були перевірені. Але так нічого не помогло. Кожен працює як окремий гаджет.
",Не вказано,Всі методи були перевірені,Не синхронізуються
28,"Дизайн - космос. Якість - супер. З додатком не так все просто. Постійно гріє воду, якщо не скористався після увімкнення.
",Дизайн - космос. Якість - супер. З додатком не так все просто.,None,"Постійно гріє воду, якщо не скористався після увімкнення."
29,"Вмерла через два місяці... Приймач дуже гріється у будь якому ПК та не детектиться. Пишу на обмін.
",Пристрій зберігання даних,Немає інформації про акції чи знижки,"Виникли проблеми з приймачем, який гріється та не детектується в будь-якому ПК. Продавець informeed про проблему та пропонує на обмін."
30,"Купили по акції і купились на crema , висновки:пінка не дуже зразу осідає,і смак в порівнянні з іншими ambassador для мене ця найгірша
",Крема,Купили по акції,"Не дуже зразу осідає піна, смак гірший за інші амбасадори"
31,"Прийшло замовлення оперативно, але не зовсім те що на фото. Відсутня скамья Скотта. Навіть в інструкції її нема. Куди можна звернутися, щоб вирішити цю проблему
",Замовлення меблів,None,"Відсутня скамья Скотта, про яку було на фото"
32,"За таку ціну (особливо зі знижкою!) - добра кава: запашна, м""яка, насичена, але не для любителів міцної кави
",кава,є знижка,None
33,"по-моєму, краще хоча б одну точку опори зробити добре, ніж дві жахливо.
на ходу регулювати тільки на свій страх і ризик.
",точка опори,"краще хоча б одну точку опори зробити добре, ніж дві жахливо",на ходу регулювати тільки на свій страх і ризик
34,"Особливого вау ефекту не помітила. Дитина п'є, коли хоче пити. Спокійнішою не стала. Звичайний чай швидкого приготування, який нічим не відрізняється від аптечної ромашки,але слабенької концентрації.
",Чай швидкого приготування для спокійної дитини,None,"Неефективність продукту, не має спокійливого ефекту на дитину"
35,"підключався монітор VGA до ПК, перечитавши відгуки, дійсно HDMI не до кінця входить у роз'єм відеокарти, пласкогубцями відігнув метал зверху над роз'ємом і ввійшло до кінця. Запрацювало зразу без проблем
",Відеомонітор VGA,None,"Жодних, проблема була в неправильному з'єднанні роз'ємів, виправлено шляхом відігнути метал над роз'ємом"
36,"Через невірно вказані на сайті габарити вимушені були повернути, бо автомат не влазить в двері санвузла. Продавець не довольний і потребує оплатити послуги доставки. Це нормально?
",Товар для санвузла,None,"Повернення товару через невірно вказані габарити, вимога оплатити послуги доставки"
37,"Чомусь дитині не зайшло, на смак майже ніяке. Хоча склад ніби ок, і солодкого дитина не куштувала взагалі
",Сніданок для дитини,None,"Смак було несмачним, дитині не сподобалось, хоча солодкого вона ще не куштувала"
38,"Куплені 29.11.2021 року. Вже один навушник не тримає заряд, розряджається й вимикається буквально за кілька хвилин після діставання з футляра. От і кінець історії
",Навушники,None,Навушник не тримає заряд
39,"Підключав з ноута до телевізора. І фільми, і ігри ідуть на ура. Зображення чітке, звук є. Розширення ноута: 1920x1080 (Full HD)
",Підключення ноутбука до телевізора,None,None
40,"Гарна праска з повним функціоналом та керамічним покриттям підошви за невеликі гроші. Брендові Філіпси та Тефаль аналогічні за потужністю та функціоналом - в кілька разів дорожче.
",Праска з керамічним покриттям підошви,"Знижка або акція не вказані, але пропонується за невеликі гроші",None
41,"При включенні просто чорний екран, пише що тип сигналу не сумісний, перевірив ще на 2 моніторах і на різних пристроях: відеокарти, т2 тюнери. Результат такий самий. Не працює.
",Пристрій для підключення монітора,None,Пристрій не сумісний з моніторами та відеокартю/т2 тюнером.
42,"Брали на подарунок, коробки пом'яті, наклейки порвані, неакуратно виглядали. Стосовно самого чаю - очікували більшого. Аромат ледь відчутний, смаку майже нема. Все-таки розсипний чай смачніше ніж пакетований
",Чай у пакетах,None,"КорBOXі пом'яті, наклейки порвані, чай з малим ароматом та смаком. Очікування були вищі."
43,"Пропрацював неповний тиждень і накрився, спочатку показувало все прекрасно, але потім почало показувати три різнокольорові зображення віддільно. Після вимкнення комп‘ютера при повторному під‘єднанні і перестало виводити зображення взагалі ",Монітор,None,Зображення не відображаються після повторного підключення після вимкнення комп'ютера
44,"Памперси українського виробництва. Взагальному нормальні, але польського виробництва плотніші та грубші. Тому більше замовляти не буду.
",Памперси,None,Памперси українського виробництва менш плотні та грубі у порівнянні з польськими
45,"Пропрацював рівно день і здох, підозрюю що через адаптер живлення він у мене 65w а на одному з фото пише що максимум 60, але до того працював добре
",Адаптер живлення ноутбука,None,"Підозрюю, що через адаптер живлення виникли проблеми з постачанням електроенергії. На одному з фото позначено, що максимум допустима потужність - 60W, а у вас адаптер на 65W."
46,"Користуюсь тиждень. Непогана мишка за свої гроші. Для того, щоб налаштувати під себе, скачайте додаток з сайту підтримки.
",Мишка,Тиждень,None
47,"Щоб гарно було чути, потрібно мікрофон наближати до самого рота, інакше - сторонні звуки і гірший звук
",Книга,None,Відсутні скарги або негативні коментарі
48,"Купив собі. Пробував на авто зривати . то зірвав без проблем і затянув. Як для себе буде норм, а от для СТО то мабудь невитримає.
",Авто зривач . то,None,Не витримує для СТО
49,"Купила для своєї бабусі у літню кухню. Дуже швидко прогріла приміщення і приємно порадувала варильна поверхня, на якій змогли приготувати їжу. Дякую за швидку доставку і якісну продукцію.
",Літня кухня,None,None
50,"Брав 2 штуки, на сім'ю з 5 чоловік, пів року політ нормальний, заряджаються раз в 3-4 тижні. Функціонал задоволений на всі 100%
",Бездротові навушники,None,None
51,"витяжка мені подобається. всі характеристики відповідають опису. зручно наявність таймера, з його допомогою тепер контролюю процес приготування, двигун мощний але не гулкий. однозначно вартий уваги варіант!
",Витяжка,None,None
52,"Дуже хороші пелюшки,гарно впитують і скоро сохнуть,не збиваються в одну сторону,ідеально підходять для малюків. Однозначно рекомендую ! ",Пелюшки,None,None
53,"Мій коментар субєкнийвний:
Глючить мало, є затримки але несуттєві.
Пульт зручний, легко керувати.
Думаю це нормальна річ за свої гроші, як для хорошого китайського бренда.
",Пульт дистанційного керування,None,"Мало глючить, є несуттєві затримки"
54,"Взагалі для такого виробу у нього гарна ціна,простий у користуванні,мобільний. Якби була б трішки довша штанга розприскувача.
",Виріб для чищення,None,Трішки довша штанга розприскувача
55,"Не дає оцінити товар бракований розпилювач, тупо цвіркає струменем, а не розпилює, менше ніж за два тижні користування флакона 50мл як не бувало((
",Розпилювач для рідин,None,"Розпилювач бракований, тупо цвіркає струменем замість розпилювання."
56,"Дуже задоволена цими трусиками памперси, вони зручні не залишають слідів на дитячому тілі. Добре виконують свою функцію, спимо в них цілу ніч, ні разу нам не протекли. Рекомендую.
Швидка доставка
",Трусики памперси,Швидка доставка,None
57,"При роботі штроборізом 25% пилу не всмоктує. Під час чищення салону автомобіля, результат половинчастий. Обичний побутовий пилосос вичистив набагато краще.
",Штроборіз,None,Не всмоктує 25% пилу та результат чищення салону автомобіля не задовільний
58,"Кабель працює, флешку телефон бачить. Роз'єми при цьому дуже жорсткі - для підключення/відключення що флешки, що телефона потрібно прикладати значні зусилля.
",Кабель для підключення флешки до телефону,None,Незручні жорсткі роз'єми
59,"Товар дуже не якісний з 50 дисків жодного не вдалось записати нормально. Не рекомендую цей товар
",Товар/послуга,None,"Товар дуже не якісний, з 50 дисків жодного не вдалось записати нормально."
60,"Не купуйте і НІКОЛИ не пийте ЦЕ. Біля віскі ця бурда навіть порят не стояла.
",Бурда,None,Неякісна бурда поруч з віскі
61,"Купили цю витяжку півроку тому. Я в декреті, будинки постійно, багато готую і запах і задуха стояли на всю квартиру, ця витяжка впоралася з усім! Дуже задоволена, хоча і шумить.
",Витяжка,None,Шумить під час роботи
62,"Як на мене завеликий отвір, куди дитина сідає. У мене хлопчина маленький на свої 3 роки і попою майже дістає дна. Не дуже приємно, але все індивідуально)
",Крісло для дитини,None,Висота отвору для сидіння завелика
63,"Якби знала що вони такі тонюсіньки то не купила б.За 115гр. можна купити кращі .
","Товар не вказано явно, але можна зробити висновок, що мова йде про якісний товар",None,Недостатня якість товару для ціни
64,"Купил девушке на 14-ое февраля, оказались не рабочие, кейс просто показывает индикатор подключения, ни 1 устройство их не видит.",Неназваний пристрій Bluetooth,None,"Куплені для дівчини на 14 лютого, пристрої не працюють, просто показує індикатор підключення, жодне з них не виявляється."
65,"Загалом посередня каністра. Купував таких чотири штуки. Дві не пропускають запах бензину, дві пропускають. Тому тут як пощастить. Комплектна лійка незручна, бензин протікає. Розмір і форма зручна.
",Каністра для бензину,None,Непроникна лійка та протікання бензину з комплектної лійки
66,"Наволочки:білі з часом покриття скручується.Розлито було сік червоний,пятно залишилось.
Не приємно на самій наволочці спати.Хрустить.
Х.б і ця це два різних відчуття.
",Наволочки,None,"Наволочки білі, але з часом покриття скручується. При спаленні на них залишаються плями, зокрема від сіку. Незручно для сну через хрускливі звуки та неприємне відчуття на самої наволочці."
67,"Світло-каштанова фарбує темно-коричневим, я б сказала майже чорним. Тримається на волосах тиждень, на шкірі до двух днів.
",Фарба для волосся світло-каштанова,None,Негативний відгук про стійкість фарби на шкірі та волоссі
68,"Не вартує таких коштів...,не акуратно литий...,з однієї сторони пластмаса жовта...,а як працювати буде,побачимо...,не повертала,бо дома до ока впало,що там брак.
",Назва товару/послуги не вказана,немає акції чи знижки,"з однієї сторони пластмаса жовта, акуратно не литий, ціна не виправдана, не повертала через брак"
69,"Заказувала 30 липня, світить чудово освічує всю кімнату. Через пару днів після покупки сам почав включатися не дуже комфортно постійно треба включати його.
",Світильник,None,Через пару днів після покупки сам почав включатися не дуже комфортно постійно треба включати його.
70,"раз на рік купую дитині ці навушники. Так, як їх закручують вузлами - не кожні витримають
",Навушники,None,Незручність закручування навушників вузлами
71,"Отримала, і засмутилася, на великій сильно заїдає блискавка, на сумці яка найважливіша, я не знаю чи доживе вона до пологового. ",Сумка для вагітних,None,"Кришка блискавки сильно заїдає, невідомо чи сумка витримає до пологів"
72,"Нажаль при замовленні двох одиниць для однієй не було картонових вставочок в пакуванні. Через це не дуже гарно тримає форму.
",Товар без вказання назви,None,Не було картонових вставочок в пакуванні для однієї з двох одиниць товару
73,"Приємний аромат: не різкий, легкий. Як на мене, то це унісекс: інколи сама каристуюся ))). Єдиний мінус (для мене) - нестійкий... Покупкою задоволена але повну версію брати не буду...
",Приємний аромат,None,Нестійкий аромат
74,"клавіатура не погано друкує, кнопки і все інше зроблено добре і є светодіот для Caps l. крім пробілу він зроблений криво, як завжди в бочці меду є ложка дьогтю
",клавіатура,None,в бочці меду є ложка дьогтю
75,"Стильный блендер, достаточно мощный и даже с запасом, измельчает и взбивает все. Прост в обращении, работает на отлично. Пользуемся 3 месяца.",Стильний блендер,None,None
76,"Легко було налаштувати , та україно мовний застосунок можна оновлювати роутер дивитися хто підключений , та швидкість інтернету дуже добре
",застосунок,None,"Легко було налаштувати, можна оновлювати роутер дивитися хто підключений, та швидкість інтернету дуже добре"
77,"Туш жахлива!!!! Осипається, віт такої щіточки вії в різні сторони стирчать.
Важко змивається.
Наносити потрібно в 3 слої, щоб більш менш нормально виглядали.
Не рекомендую!!
",Туш,None,"Туш жахлива, осипається, важко змивається, потрібно наносити в 3 слої"
78,"Дуже дивно, що на комп""ютері та ноуті вай-фай не виставляється. а на планшеті - є
",Інтернет-з'єднання,None,На комп'ютері та ноутбуці вай-фай не виставляється
79,"Поки що тільки одну вкрутив, світить добре але видає не гучний але помітний гул, димер не використовується.
",Вентилятор,None,"Має помітний гул, димер не використовується"
80,"Тільки купили, встановили і коли включили світло побачили дефекти - оплавлені верхня панель та бічна стінка, явно заводський брак. Не сподівались такаго за цю ціну. Додаю фото.
",світло,None,дефекти на верхній панелі та бічній стінці
81,"Бліклий, неконтрастний друк. У конкурентів якість друку знижується в кінці ресурсу картриджу, а тут - низька якість з початку використання.
",Картридж для принтера,None,Низька якість друку протягом усього використання картриджу
82,"Через тиждень роботи послали періодично рипіти, і коли довго сидиш в них починають боліти вуха
",наушники,None,"Через тиждень роботи послали періодично рипіти, і quando довго сидиш в них починають боліти вуха"
83,"Купив недавно, все підключилось без проблем, але з мінусів відсутність сирени та погані батарейки в комплекті, датчик дверей вирубився через тиждегь
",Система безпеки для дому,None,"Недоліки: відсутність сирени, погані батарейки в комплекті, датчик дверей вийшов з ладу через тиждень"
84,"Взяв ці просто на пробу.
Непогані батончики, та всеж пробував набагато кращі, є з чим порівняти. Для мене особисто замалі і як перекус треба хіба 2 зїсти.
",Батончики,None,Недостатня кількість батончиків для перекусу
85,"Після першої зарядки пристрій не працює. Перезапустити неможливо. Навіть коли від'єднати від зарядного всеодно на дисплеї показує, що ніби-то пристрій заряджається. Прошу замінити пристрій на працюючий, або повернути кошти.
",Пристрій,None,"Пристрій не працює після першої зарядки, неможливо перезапустити та повертається до заряджання навіть після від'єднання від зарядного пристрою."
86,"Гейнер виконує свою функцію чудово. Однак в чоловіка на нього є алергічна реакція: сильний свербіж шкіри.
",Гейнер,None,Сильний свербіж шкіри після контакту з генератором
87,"#Розпакуваннядіти
Пазли-гра порадувала. Упаковка тубус великого розміру, якісна, зручно буде зберігати. Пазли великого розміру, яскраві. В комплекті йдуть наклейки і завдання, завдання дитині сподобалися. На подарунок чудовий варіант. Однозначно рекомендуємо
",Пазли-гра,None,None
88,"Придбала цю лампу в кінці січня. Дуже подобалася, нарікань не було. А сьогодні спробувала увімкнути, а вона не вмикається. Все. Вистачило на 2 місяці
",Лампа,None,Лампа не вмикається після 2 місяців роботи
89,"Коли купив, встановив на нього віндовс, все почало ввдкриватись та завантажуватись миттєво, але вчора ноутбук просто не увімкнувся.
",Ноутбук,None,Проблеми з завантаженням ноутбука після першого встановлення Windows
90,"9 місяців роботи без проблем, дуже задоволений!!Дуже зручно, що є дві швидкості)другу використовував тільки для міксера, для самонарезів в дерево хватає першої плавної, користуюсь кожен тиждень!)Задоволений!
",Електрична пила,None,None
91,"Колготки дійсно не відповідають фото на сайті. Малюнок є тільки на ніжках. За ці гроші можна придбати Колготки кращої якості. Є легке розчарування. Подивитися як поведуть себе після прання.
",Колготки,None,"Колготки не відповідають фото на сайті, є легке розчарування. Подивитися як поведуть себе після прання."
92,"Після 2-х років нечастого використання (1-2 рази на тиждень), згоріла спіраль в 3-х місцях, ремонту не підлягає(( на сервісі кажуть це дуже часта пооблема з фенами Філіпс.
",Вентилятор Філіпс,None,"Спіраль згоріла в 3-х місцях, не підлягає ремонту"
93,"Дуже поганої якості, більш ніж двоженну щетину просто рве. Поголотися гладко зовсім не вийшло. Не рекомендую нікому
",Щетинка для гоління,None,"Поганої якості, неможливо поголитися гладко"
94,"Ціна,якість. Монітор коштує своїх грошей. Меню української,що дуже зручно. Дякую компанії за зручну програму андроїд і широкий асортимент товару. Всіх з наступаючим Новим Роком!!!!!!!
",Монітор,None,None
95,"Зручна миша глибокого чорного кольору, користуюсь вже більш ніж пів року, жодних претензій не виникло.
",Зручна миша глибокого чорного кольору,None,None
96,"Песик гарний але має мінуси , довжина повідка комфортна до 4років, і сам повідок має дуже погане кріплення до песика, іграшці один день а повідок вже відчіпляється сам(
",Песик,None,Кріплення поводка до песика ненадійне
97,"Коляска красива та сучасна. Та передні колеса справжній кошмар. Вони крутяться, да так що коляска не їде, довго ми мучилася поки не розрутили їх, та зробили так щоб не крутилися.
",Коляска,None,"Передні колеса крутяться самостійно, що заважає колясці рухатися"
98,"Завжди користуємося цими підгузниками, але замовляла їх з розетки, і чомусь гірша якість. Швидше наповнювалися, обвисали дуже. Таке враження що браковані
",Підгузники,None,"Підгузники швидше наповнювалися та обвисали, має враження на браковані"
99,"Олію вживати неможливо,хімічний запах і смак...П'ять літрів бутль непридатний до вживання....До цього брала літрові дві пляшки,була добра...
",Олія,None,Непридатна до вживання олія з хімічним запахом та смаком
100,"Мозаіка хорошої якості. Але не було однієї картки з пінгвіном. До мене слідів відкриття упаковки не помітила
",Мозаика,None,Не було картки з пінгвіном та відсутність слідів відкриття упаковки
101,"Коврик норм , но вонючий , після роботи воняє китайской резиной ще й рука )
",Коврик,None,"Ковер має неприємний запах китайської резини, після використання воняє рукам."
102,"Відразу розраховуйте що тут немає мірної ложки і хочаб пробних фільтрів для приготування. Їх немає зовсім, то відразу купуйте фільтр #4
",Набір для приготування кави,None,Відсутність мірної ложки та фільтрів для приготування
103,"В целом неплохой, но крепление замков и петель не для такой мощной ручки. Не продумано. Посылка пришла быстро и качественно упакована. Спасибо розетке.",Ручка,None,Креплення замків і петель не для такої мощної ручки. Не продумано.
104,"Довго чекала можливості обновити плитку і задоволена. Порівняно зі старою небо і земля. Не віриться що все так гарно і легко працює
",Плитка,Немає інформації про акцію чи знижку,"Немає скарг, відгук позитивний"
105,"Замовив цей девайс, добре, що у точці доставки розетки вирішив перевірити, на жаль не включився, і було зламане колесо регулювання.
",девайс,None,Зламане колесо регулювання та девайс не включився
106,"Вчора тільки отримали годинник. Неможемо знайти функцію прослушка.В характеристиках вказано.
І дуже поганий звук по відеозв'язку, в чому може бути причина?
",Годинник,None,Немає функції прослушки в годиннику та поганий звук по відеозв'язку
107,"Замовляли це масло в мотор після капіталки (ВАЗ-2103), потемніло вже після 1000 км. Крім того, упаковка товару нікудишня, була надірвана фольга та пломба, коробка виявилася вся в цьому ж маслі.
",Масло для мотора ВАЗ-2103,None,"Потемніло після 1000 км, упаковка пошкоджена, коробка з маслом"
108,"З коробки 2 години пограла і більше не зарядилась. Повернув місяць тому так ніхто і не звязавсься. Гроші не повернули і колонку нову не дали.
",Наушники,None,"Зламався після 2 годин роботи, поганий сервіс післяпродажної підтримки"
109,"Неплохой скраб , но за такую цену мог бы быть получше. Чтоб сказать что эффект ВАУ то далеко нет.",Скраб,None,"Ефект від скрабу не викликав захоплення, може бути покращено якості"
110,"Слабоват. Но взбивает стакан молока. Правда, потом я для взбивания молока приспособила френч пресс. Френч пресс гараздо эффективнее)) зато этим взбивателем удобно взбивать белки в пену.",электрический взбиватель,None,"Неефективна для взбивання молока, ефективна для взбивання білків у пену"
111,"Хороший перехідник, але прослужив тільки півтора місяця. З кабелем VGA, монітором і відеокартою все впорядку
",Хороший перехідник,None,Прослужив недовго
112,"Доброго дня отримав данний перехідник при підключенні зображення на екрані зявилося але кожні 30-40 секунд пропадає сигнал.
",Перехідник,None,При підключенні зображення на екрані періодично пропадає сигнал протягом 30-40 секунд
113,"Мийку та змішувач доставили вчасно,але гарантійний талон на мийку зовсім не заповнений,а на змішувач взагалі гарантійного талона немає,відсутні також платіжні чеки на ці вироби
",Мийка та змішувач,None,Незаповнений гарантійний талон на мийку та відсутність платіжних чеків на обидва вироби
114,"Добрий день. Придбав ваш кабель. Скиньте, будь ласка, на пошту файли, котрі є на диску з кабелем.
",кабель,None,None
115,"повний шлак. взагалі не чистить язик
просто вібрує вам язик і на тому все
чайна ложка куди ефективніше справляється з тою задачею і нічого додаткового купляти не треба
",Полный шлак для чищення язика,None,"Не чистить язик, замість цym вібрує. Рекомендується використовувати звичайну чайну ложку замість."
116,"Купляли цей попкорн навесні, було дуже смачно.
Купили тиждень тому - і повне розчарування.
Пересолений та багато мотлоху.
Більше купляти не будемо.
",попкорн,None,Пересолений та багато мотлоху.
117,"Роутер хороший, вайфай тягне через перекриття та товсту стіну.
За 2 місяці користування ніяких проблем.
",Роутер,None,Вайфай тягне через перекриття та товсту стіну
118,"Хороші олівці, м'які і не блищать на папері. Магазин чудовий — уточнили деталі і відправили товар швидко, незважаючи на святкові дні. Дуже миле пакування з побажаннями.
",Хороші олівці,None,None
119,"гарний корпус ,добре продуваеться, влазять всі кулера
Щоб передня кришка легче знімалась треба змастити салидолом затискачі,тоді взагалі легко знімаеться
",гарний корпус,None,Негативних коментарів не виявлено
120,"Підходить не до всіх типів шкіри, ролик не прокручується, потрібно допомагати руками ( відповідно забруднюється ). Брак серйозний !!!
",Крем для масажу,None,"Брак серйозний! Не підходить до всіх типів шкіри, ролик не прокручується, потрібно допомагати руками."
121,"на цю стрічку у ванній кімнаті приклеїв стерилізатор для зубних щіток, через тиждень все відвалилось ...Добре хоч щітки цілі залишились...
",Стерилізатор для зубних щіток,None,Стерилізатор для зубних щіток відвалився через тиждень після встановлення
122,"Підійде для домашнього використання . Взяла один раз в спорт зал весь обшарпався... Дуже лущиться верхній шар (фіолетовий)
",спорт зал,None,Верхній шар фіолетового кольору сильно лущиться
123,"Отримав. Підключив. Все працює. Сканер виявив помилки у системі запалювання.
Діагностика допомогла усунути несправність. Автомобіль - КІА Ріо 3.
",Автомобіль - КІА Ріо 3,None,Сканер виявив помилки у системі запалювання
124,"Аромат так собі, в толпі вас не впізнають, стійкість на рівні 300 грн за банку. Ну це на мою думку. Виробник Іспанія.
",Аромат,None,"Аромат так собі, стійкість на рівні 300 грн за банку. Ну це на мою думку."
125,"Подарувала своєму хлопцю на новий рік, поки мінусів не виявили, йому подобається , зручно , що довжина регулюється коліщатком і не потрібно міняти насадки. За свою ціну
",Регульований триimmer для бороди,Жодної акції чи знижки не виявлено,Жодних скарг або негативних коментарів не виявлено
126,"Нажаль мені не підійшла, почала свербіти голова, при коренях жирніють волосся, в мене фарбоване волосся та пористе, середньої густоти.
",Послуга фарбування волосся,None,"Негативний відгук про волосся: жирні волосся при коренях, фарбоване та пористе, середньої густоти."
127,"Забрала вчора, виявився неробочим. Батерейок в комплекті не було, можливості перевірити на місці не було.
",Неробочий товар,None,Не було батерейок у комплекті
128,"Будь ласка не вводіть покупців в оману, на версії прошивки 1.5.1 у всьому європейському регіоні функція круїз контролю не доступна
скоріш за все це стосується всіх самокатів найнбот :)
",Самокат Najnbot,Немає інформації про акції чи знижки,"Висновок стосується функції круїз-контролю, яка недоступна на версії прошивки 1.5.1 у всьому європейському регіоні для самокатів Najnbot"
129,"Дуже задоволена. Дякую за швидке і гарне обслуговування. Все як завжди відмінно!
Айкос дуже стильний, зручний. Працює добре, заряд тримає довго.
","Айкос, телефон",None,None
130,"Вибирав по відгуках та вказаних в характеристиках розмірах. Мені підійшло ідеально. Комплектація була повною. Збирається та встановлюється дуже легко.
",Набір для збирання меблів,None,None
131,"Міцний шнур, що працює. Коли купував, то боявся, що будуть якісь проблеми(вже не раз попадався на те, що конектори не тримаються нормально), але тут поки все як треба.
",Міцний шнур,None,None
132,"На 1-й тиждень блохи зникли, на 2-й з'явилися знову. Інформація в описі про термін захисту 2 місяці не відповідає дійсності.
",Спрей від блох,None,"Термін захисту не відповідає дійсності, скарга на появу блох після закінчення двомісячного терміну"
133,"Коли покупав годинник, був трохи деформований корпус. Але на роботу годинника це суттєво не вливає
",Годинник,None,Корпус годинника деформований
134,"Очень понравилась, обезьянка с погремушкой и ушки хорошо шуршат, хороший размер, удобно держать маленькой ручкой",Игрушка в виде обезьянки с погремушкой и ушками,None,None
135,"В порівнянні з револьвером цієї ж фірми постріл досить слабкий. Постійно застрягає патрон. Стріляти потрібно з ""бубном"" тому що постріл буде зовсім слабким
",Револьвер цієї ж фірми,None,"Патрон застрягає, постріл надто слабкий"
136,"Кабель дійсно якісний, обмотка та коннектори зроблені на совість, в роз'ємах не люфтять, з'єднання стабільне. Ноут з ним теж можна заряджати - перевірено.
",Кабель,None,None
137,"При взбитие протеина ,слишком много пузырей и становиться в два раза больше свой форме .вообщем ,что то не понятное происходит при взбалтывании протеина в шейкере",Протеїн для взбивання,None,"Занадто багато пухирів при взбиванні протеїну в шейкері, збільшується вдвічі об'єм."
138,"Спустя 2 недели ежедневного использования (ничего тяжелого,только стакан кофе 250мл) практически перестал держатся на коляске.. крепление ослабло..",Чашка для кофе,None,Креплення чашки до коляски стало слабким
139,"зазвичай беремо для мами L (TENA або SENI), тому без вагань замовила аж 3 упаковки (була акційна ціна), але ... облом. виявилися малі
",Підгузники L (TENA або SENI),Була акційна ціна,"Товар виявився меншого розміру, ніж очікувалося"
140,"Wi-Fi працює добре, по мережі інтернет не роздає. До цього старий роутер роздавав по дротової мережі добре
",Роутер,None,Погана робота мережі інтернет по Wi-Fi
141,"Вчора забрав, одразу не виявив проблеми, хочу повернути і взяти щось інше на заміну, хрипить лівий навушник, не сильно але неподобається. Як замінити чи повернути? ",Навушники,None,Хрипить лівий навушник
142,"Дуже виражений неприємний навіть токсичний запах, я взагалі не впевнена що це безпечно для дитини. Деякі малюнки видно ще до розмальовування, дитині одразу не цікаво малювати
",Книга для розмальовування,None,Неприємний запах та погана якість малюнків
143,"Все працює супер. Світиться класно. Про те, що пишуть що мишка світиться при виключеному ноутбуці неправда, все виключажться разом з ноутбуком.
",Мишка для ноутбука,None,Неправда про світло миші при виключеному ноутбуці
144,"мягка але одночасно формована подушка. цікаві незвичні почуття. спиться добре і пройшли болі в потилиці.
",М'яка але одночасно формована подушка,None,"Скарг немає, навпаки, подушка позитивно вплинула на сон і болі в потилиці"
145,"За свої кошти часи нормальні , але маленькі на руці , після року використання часи перестали працювати
",Часи,None,Часи перестали працювати після року використання
146,"якість просто жах, я розумію шо за таку ціну чекати шось не логічно АЛЕ такої жахливої якості я не бачив ніколи
","товар/послуга не вказана, але з контексту видно, що мова йде про товар",None,"якість просто жах, не бачив такої жахливої якості ніколи"
147,"Брокколі одне із перших пюре, які спробувала моя донечка. пюре Gerber брокколі їй дуже сподобалось, смачне та має приємну консистенцію. Рекомендую.
",Пюре Gerber з брокколі,None,None
148,"Через тиждень почалися проблем з кнопкою , не перемикались треки , не відповідало на дзвінок . А вже до 1го місяця використання просто почали глючити .... Вимикання музики , відконечування
",Головка для навушників,None,"Проблеми з кнопкою, не перемикались треки, не відповідало на дзвінок, вимикання музики, відконечування"
149,"Визуально нравится, как выглядит. Ход клавишь нормальный. Для меня чуть наклона не достаточно.Оставил бы , если бы работала подсветка клавишь.Придется возвращать. ((",Клавіатура,Немає акції чи знижки для цього товару.,Клієнт не залишив скарг або негативних коментарів.
150,Брал такой и сейчас буду заказивать здесь еще себе .Все хорошо действует.За свою ціну норм,Здесь беру товары,None,None
151,"Поставив драйвера, навушники підключає, звук є, але не працює мікрофон. Пробував і airpods і xiaomi
",Навушники,Немає акції чи знижки,Не працює мікрофон підключених навушників різних виробників
152,"Пользуюсь около недели. Эффекта пока не замечаю, после нанесения кожа мягкая и увлажнённая.Каких-то кардинальных изменений не заметила",Крем для кожи,None,Не замечено кардинальных изменений после использования около недели
153,"Викрутки на вигляд не погані,але при зусиллі повідламувались кінчики у хрестових і закінчення під ключ не з'єднане з стержнем викрутки, так що крутити ключем немає сенсу... Підійдуть для делікатних робіт....
",Викрутки,None,"Кінчики у хрестових повідламувалися, закінчення під ключ не з'єднане зі стержнем викрутки"
154,"Чаї виробника смачні, але не всі. Дивно, що один і той самий чай в різних пакуваннях має різний смак. Краще вибирати подарункові набори - значно смачніші
",Чаї виробника,None,Різний смак чаю в залежності від пакування
155,"Прийшло все з царапками дуже багато не глибоких, також є і глибокі царапини невідомого походження, упаковано і доставлено добре. ",Книга,None,"Царапини, невідомого походження"
156,"Купували в офіс за акційною ціною. Готується в кавомашині Saeco. Смак ненасичений, аромат готової кави майже відсутній, пінка зникає практично відразу. За таку ціну можна знайти дійсно чудову смачну каву.
",Кавомашина Saeco,Купували в офіс за акційною ціною,"Смак ненасичений, аромат відсутній, пінка швидко зникає"
157,"Машинка класна, взяв уже другу для батьків. Користуюся першою уже 1,5роки, без нарікань. Довгий шнур, легка та міцна як на мене насадка.
",Машинка,None,None
158,"Смачна. Не перший раз замовляємо і дуже задоволені. Малюк їсть з радістю.
Ціна влаштовує. З зовнішнім виглядом упаковки та терміном реалізації проблем не було.
",Смачна їжа для дитини,None,None
159,"Машинка дійсно класна працює без перебоїв! За 4-години безперервної роботи майже не нагрілась! Шкода що комплектація мала.
",Машинка,None,None
160,"Замерз у морозильнику (-8).
Сильно і довго тхне ""хімією"".
Залишає розводи, бруд з лобового не відмиває навіть в теплу погоду.
З іншими, навіть дешевшими такого не було.
",холодильник,None,"Замерзає у морозильнику, сильно пахне хімією, залишає розводи та бруд на лобовому склі"
161,"Також прийшла не робоча рулетка,ручка на ножівці не виглядає надійною. Такі дрібниці псують загальне воаження.
",Ножівки,None,"Також прийшла не робоча рулетка, ручка на ножівці не виглядає надійною. Такі дрібниці псують загальне враження."
162,"не сподобалося. краще вже gimoka. варю в гейзерній кавоварці - від звареної кави враження таке, що вона розбавлена водою.
",Кава гейзерної кавоварки,None,"Кава, зварена в гейзерній кавоварці, здається розбавленою водою"
163,"Брав для резинок на дверях, ефекту нуль! Як замерзало при -2-3, так і замерзає, а може і більше. Не вартує купляти
",Резинки на двері,None,Ефект нуль не працює при низьких температурах
164,"Вважаю ціна не відповідає якості звуку.
Моторолла верв бадс 300 грають краще, звукоізоляція краще, баси теж краще.
",Наушники,None,"Звукова якість не відповідає ціні, погана звукоізоляція, слабкі баси"
165,"Люблю цю туш,хороша якість. Але запакована вона має бути нормально. До користувача її не мають відкривати. А на ній навіть наклейка не належне,не те,що захисна плівка .
",Туш,None,"Туш не була правильно запакована, не мала наклейки та захисної плівки."
166,"Чехол так себе, пошит хорошо, но спать на нем не очень приятно, парит. А это и не удивительно, ведь это химия.",Чехол,None,"Незручно спати в чехлі через те, що він парить."
167,"Шукала скляний чайник з категорії малогабаритних в лікарню, та в подальшому для подорожей. Покупкою задоволена. Пишуть в відгуках, що кришка не до кінця відкривається, в мене з цим все ОК
",Скляний чайник малогабаритний,None,Кришка не до кінця відкривається
168,"цікавий смак, новий для мене бренд Гевалія, почитав що один із лідерів у скандинавських країнах а там точно роблять якісно
рекомендую
дякую Розетка за швидку доставку!
","Гевалія, кава","Ні, акції чи знижки немає",None
169,"Спочатку все було добре, але згодом волосся стало набагато сухішим, неслухняним і у спрея з’явився запах як у дешевого старого мила… ",Спрей для волосся,None,Скарга на зміну структури та запаху спрею для волосся
170,"Не беріть цей товар. Інтрукції нема, всі кнопки англійською. Дзвонив на гарячу лінію, у відповідь: «Ми вам відправимо інструкцію у пдф форматі». Зіпсований настрій, витрачений час.
",Не вказано конкретного товару,None,"Зіпсований настрій, витрачений час. Не отримав інструкції для товару після дзвінка на гарячу лінію."
171,"продали бракований товар. Діагностували три тижні. Поветати коштів або обмінювати не хочуть. Не рекомендую даний магазин
",Товар не вказано,None,"Продано бракований товар, відмова в обміні або поверненні коштів"
172,"Клавіатура чудова, дуже якісна механіка. Приємна підсвітка.
Але я дуже розчарований відсутністю оголошеного подарунку у вигляді маніпулятора.
",клавіатура,None,відсутність оголошеного подарунку у вигляді маніпулятора
173,"Гарна якість за ці гроші , чудово підійшов під руль для ігор , відрізав лишнє , та готово ! Продавець швидко його відправив !
",Руль для ігор,None,None
174,"користуємось близько 2-х тижнів. Коли ночі стали прохолодніші, син почав мерзнути під ковдрою (з підковдрою). Доводиться накривати зверху ще флісовою ковдрою.
Брали на зиму, сподівались буде теплішою
",Ковдра,None,"Скарга на те, що ковдра недостатньо тепла"
175,"Часто пропадає вай-фай. Доводиться перезагружати пристрій.В мене двохповерховий будинок -покриття вай-фай на сто відсотків все не покриває. На дворі є сигнал макс до 15 метрів
",Інтернет-сервіс,None,"Часто пропадає вай-фай, доводиться перезагружати пристрій. Покриття вай-фай не покриває 100% двоповерхового будинку, на дворі є сигнал макс до 15 метрів."
176,"Хороший набір, для нашої дитини просто супер. Вньому є зручна корзинка для зберігання, 2 досточки , 2 ножечка і безліч овочів.
",Набір для чищення овочів,None,None
177,"З вигляду клава чудова. Проте є дуже суттєві недоліки.
Вузькі клавіші.не дуже зручно тримати руку під час ігор. Треба дуже звикати
На лакованих поверхнях клава просто ковзає.
Задротам не рекомендую
",Клавіатура,None,"Вузькі клавіші, клавіша ковзає на лакованих поверхнях, не рекомендую для задротам"
178,"якісний сенсор - фліки, наводка усе чудово
гарна градієнтна підсвітка
легка вага, легкий кабель-паракорд - одразу не потрібен підтримувач для дроту за свою ціну для шутерів топова миша! 5/5
",миша гри,None,None
179,"Ось так виглядає крісло через рік, я не дуже важкий 60 кг (якщо це важливо
Але перші пів року було прям дуже зручно
",Крісло,None,"Перші пів року було зручно, але потім стало менш зручним"
180,"На жаль поставляється без батарей - перевірити відразу не можливо.
Колір має бути БІЛИЙ, а надіслано ЧОРНИЙ.
Але , як на мене, чорний навіть кращий.
",Назва товару не вказана,None,Колір товару не відповідає замовленню
181,"дуже сподобались, кращі як на фото , якість шикарна, як б'ють по ногам навіть не чути))) рекомендую!
",Куртки,Ні,None
182,"Не рекомендую брати даний набір краще вже за ті гроші замовити великий сет суші або купити квітів
",Суші,None,Не рекомендую брати даний набір краще за ті гроші замовити великий сет суші або купити квітів
183,"Якість жахлива. Купував окремо простирадло, окремо підковдру, кольора різні при однаковому коді і моделі. Після 2 строк жахливе закошлачення, неможливо спати. Не рекомендую.
",Постільна білизна,None,"Погана якість, закошлачення простирадла та підковдри після 2-х тижнів використання"
184,"Как по мне средний, как пыль, пересыпал в банку, вся кухня в белом порошке, Очень сладкий, с водой пью. С молоком невозможно пить",Цукор,None,"Середній як пісок, пересипав у банку, покрив усю кухню білим пилом, занадто солодкий, важко пити з молоком"
185,"Спочатку все обличчя почервоніло і так тррвало декілька годин. Потім з'явився пухир на всьому носі. Залишився опік, який не сходив 2 тижні
",None,None,"Опис поганого досвіду: обличчя червоніло, з'явився пухир на носі, залишився опік на шкірі протягом 2 тижнів"
186,"Досить приємна кава - зерна цілі, добре обсмажені. Оптимальна суміш робусти та арабіки, насичений смак, гарний аромат, дуже приємний післясмак. Всім раджу каву Jacobs !!!
",кава Jacobs,None,None
187,"Добрий вечір! Замовляла тут навушники, в білому кольорі - достойно виглядають і мають хороший звук. Також доволі швидко заряджаються і довгий час тримають заряд.
",Навушники білого кольору,None,None
188,"Рабоча штука. Коври стірав мотори мив і сковородки і витяжки чистив. Своє одробила ше і в оренду думаю здать.
",Послуга чистки побутової техніки,None,Коври стірали мотори мили і сковородки та витяжки чистили. Негативний досвід через пошкодження речей.
189,"Забрав мишку зразу в перший день начала люфтіть права кнопка миші а так вроді нормально
",Мишка,None,"Скарги на праву кнопку миші, яка луфтає"
190,"Прошу зв'язатися зі мною для урегулювання мого питання повернення коштів (оплата онлайн) або виконання замовлення!
",None,None,зв'язатися зі мною для урегулювання мого питання повернення коштів (оплата онлайн) або виконання замовлення
191,"Якість хороша, алергії немає, ні чим не лірші ха звичайні памрерс чи хагіс, але нам протікають, більше не буду брати
",Памперси,None,Нам протікають
192,"Щойно забрав каву. Ще не куштував. Дуже не сподобалось що упаковка не вакуумна. Оновлю оцінку якщо сподобається на смак.
",Кава,None,Упаковка не вакуумна
193,"Повівся на те що будут ножиці в комплекті як на відео розпаковки та в коментарях людей і купив. По факту їх немає... . Повернути товар не можна....
",Ножиці,None,"Ножиці, про які було в анонсах та відгуках, відсутні в комплекті"
194,"Як на мене нормальний інструмент, для дому те, що потрібно. Шкода, що настадок в комплекті не має.
",Інструмент для дому,None,Настатків не має
195,"Купила подушку MirSon Bambuk 60?60, за 3 місяці вона збилась. Купила цей наповнювач, щоб подушка стала вищою і товстішою.
",Подушка MirSon Bambuk 60?60 з наповнювачем,None,Подушка MirSon Bambuk 60?60 збилась за 3 місяці
196,"пропила майже всю баночку, не відчуваю по собі якихось помітних змін. ну хіба шо не така виснаженість тепер..
",Баначка з енергетичним напоєм,None,Недостатня кількість продукту в упаковці
197,"Після загрузки включаються нулі, і після 5 секунд гасне і не вимірює вагу , не можу звязати, не ревгує , батерейки міняв на дорогі і дешеві!
Чекаю реакції від компанії
",Ваги,None,"Не реагує на вагу, не вимірює вагу, не можу звязати з вагами"
198,"Який клас енергозбереження? Порадьте економну духовку, оскільки на квартиру роздається 5.5 квт на все. Дякую.
",Енергозберігаюча духовка,None,None
199,"З коробки виходить 8 чашок кави, що небагато за свої гроші. Адже всередині 8 капсул з сухими вершками і 8 - з меленою кавою.
",Кава в капсулах,None,Недостатня кількість капсул з кавою у порівнянні зі сухими вершками
200,"Сильно виражений вівсяний смак. Більше не замовлю, адже смак кави взагалі не відчувається з цим молоком. Найкращі в лінійці - кокосове та мигдальне.
",Вівсяне молоко,None,Скарга на сильно виражений вівсяний смак та відсутність смаку кави
201,"При поломці пістолету вийшла помилка, Розетки поклали інший гарантійний від іншого пістолету і в результаті неможливо було відремонтувати пристрій
",Пістолет,None,Питання з гарантійними деталями при ремонті пістолету
202,"Звук хороший, трохи погано налаштовані високі частоти(на максимальній гучності шиплять), а в цілому все на тверду 4! Як гарнітура не дуже - співрозмовник погано чує вас.
",Гарнітура,None,Трохи погано налаштовані високі частоти на максимальній гучності шиплять
203,"Купили по акції і купились на crema , висновки:пінка не дуже зразу осідає,і смак в порівнянні з іншими ambassador для мене ця найгірша
",Крема,Купили по акції,"Не дуже зразу осідає піна, смак гірший за інші амбасадори"
204,"Зручно контролювати тиск по манометру і подовжувач стався у нагоді коли треба було підкачати колеса на гіроборді.
",Подовжувач для помпового насоса,None,None
205,"заказ прийшов дуже швидко. Ждала з ненерпінням, і розчарувалась... кришка зверху потерта , пакети з комплектуючими розірвані . Неприємно, мягко кажучи ...
",Не вказано,None,"Кришка зверху потерта, пакети з комплектуючими розірвані"
206,"Кабель як кабель, купив два, поки що використав один - гут. Винт працює.
Довжина мабуть 30см, так що якщо до верхніх карманів АТХ може не дотягнутися.
",Кабель,None,Може не дотягнутися до верхніх карманів АТХ
207,"Через певний час, почав несамовито шипіти мікрофон, переустановлював драйвера на самі нові, не допомагало, повернув на обмін, чекаю що буде далі
",Мікрофон,Повернув на обмін,"Несамовите шипіння мікрофона, несправність"
208,"Дезодорант приїхав у відділення без упаковки. Відкритий. Це засіб індивідуальної гігієни й така ситуація не припустима.
",Дезодорант,None,Товар приїхав без упаковки та відкритий
209,"Картридж дійсно підходить під глечик Аквафор. Але якщо В100-6 нам на сім'ю вистачало на 4 тижні, то цього картриджу вистачає на 2 тижні. Невигідно виходить...
",Картридж для глечика Аквафор,None,Невигідна кількість картриджів на сім'ю
210,"якщо чесно то дуже спорний варіант бо і комплект не повний так і вага цієї миші дозволяе використовувати її як зброю.
",Миша комп'ютерна,None,"Якість миші не відповідає вартості, дозволяє використовувати як зброю"
211,"Папки не з тонкого картону, нормальні. Вагалась чи брати 50 шт, оскільки на сайті на папці написано ""папка для бумаг"" , а отримала з написом ""папка для паперів"" . Супер.
",Папки,None,Напис на папці не відповідає опису на сайті
212,"Провід землі у плоского кабелю повинен бути розташований між нулем і фазою для меншого нагрівання і безпеки.
",Плоский кабель,None,"Провід землі у плоского кабелю повинен бути розташований між нулем і фазою для меншого нагрівання і безпеки, тому вказаний кабель не відповідає вимогам безпеки"
213,"Аромат приємний, ніжний. І квітковий, але і свіжий. На літо підходить. Купляла тестер, ще й по акційній ціні, так що покупкою задоволена.
",Аромат,Купляла тестер по акційній ціні,None
214,"Чудовий універсальний кабель, можна зарядити практично що завгодно від чого завгодно. Проте перехідника lighning вистачило лише на три місяці, зовсім перестав заряджати. За три місяці ставлю три зірки…
",Універсальний кабель для зарядки,None,Перехідник Lightning перестав заряджати через 3 місяці
215,"Хороший тример, стриже добре. Нерве волосся, гостріножі,удобно найбільша насадка має 21мм.
Серед недоліків батареї хватає на 2 максімум стрижки, і коли включена на зарядці то неможна стригти.голосно робить
",Тример,None,"Зарядка недоступна під час стрижки, батарея швидко розряджається"
216,"Неадекватні нечитабельні показники пульс взагалі неадекват, сатурація в одному положенні можна розгледіти тільки першу цифру тобто 9 друга просто світиться вся
",Пульсоксиметр,None,Неадекватні показники пульсу та нечітка інформація про сатурацію
217,"Купували перший раз,щоб підібрати для малюка. В наборі були Evy Baby, Bella Baby Happy, Libero та Pampers. Libero отримує 3 по п'ятибальній системі,але вибір за вами.
","Набір для малюка з марками Evy Baby, Bella Baby Happy, Libero та Pampers",None,None
218,"Має всі потрібні функції, працює чітко. Не треба з собою брати подовжувач і таскати шнур.
",Зарядний пристрій для ноутбука,None,Відсутність підключення до змінної мережі
219,"Купляла в основному щоб був розумний аналіз тіла , а показує тільки вагу і все.
", scales for body analysis,None,"Не задовольнила функціональність аналізу тіла, показує лише вагу"
